"year","eta","prtp","last_year","SC"
2020.0,0.0,0.015,2200.0,310.46517041966734
2020.0,0.0,0.015,2300.0,426.3941322926364
2020.0,0.0,0.03,2200.0,78.26996221313307
2020.0,0.0,0.03,2300.0,82.86465758411238
2020.0,1.5,0.015,2200.0,31.561577271806545
2020.0,1.5,0.015,2300.0,33.097067447968605
2020.0,1.5,0.03,2200.0,13.261072590480875
2020.0,1.5,0.03,2300.0,13.328577734309036
